	pos	strand	taxon	start	end	type	gene	sequence	length	annotator	info
0	[[7316, 7244]]	-1	CC	7243	7316	tRNA	trnQ-UUG	TGGGGCGTAGCCAAGTGGTAAGGCAACGGGTTTTGATCCCGCTATTCGGAGGTTCGAACCCTTCCGTCCCAGA	73	blatN	blatN_hit trnQ-UUG_NC_051973.1, position 1 - 73, psl score 97.3, coverage 100.00%, match 97.26%; blatN_hit trnQ_NC_007578.1, position 1 - 73, psl score 97.3, coverage 100.00%, match 97.26%; merged
1	[[8577, 8490]]	-1	CC	8489	8577	tRNA	trnS-GCU	GGAGAGATGGCTGAGTGGACGAAAGCGGCGGATTGCTAATCCGTTGTACGAGTTATTCGTACCGAGGGTTCGAATCCCTCTCTTTCCG	88	blatN	blatN_hit trnS-GCU_NC_046516.1, position 1 - 88, psl score 100.0, coverage 100.00%, match 100.00%; blatN_hit trnS_NC_051926.1, position 1 - 88, psl score 100.0, coverage 100.00%, match 100.00%; merged
2	[[11817, 11734]]	-1	CC	11733	11817	tRNA	trnY-GUA	GGGTCGATGCCCGAGTGGTTAATGGGGACGGACTGTAAATTCGTTGACAATATGTCTACGCTGGTTCAAATCCAGCTCGGCCCA	84	blatN	blatN_hit trnY-GUA_NC_051973.1, position 1 - 84, psl score 100.0, coverage 100.00%, match 100.00%; blatN_hit trnY_NC_007578.1, position 1 - 84, psl score 100.0, coverage 100.00%, match 100.00%; merged
3	[[11992, 11921]]	-1	CC	11920	11992	tRNA	trnE-UUC	GCCCCTATGGTCCAGTGGTTACGACCTCTCTCTTTCACGGAGAAAACGAGGGTTCAAGTCCCTCTAGGGGTA	72	blatN	blatN_hit trnE-UUC_NC_051973.1, position 1 - 72, psl score 100.0, coverage 100.00%, match 100.00%; blatN_hit trnE_NC_031816.1, position 1 - 72, psl score 100.0, coverage 100.00%, match 100.00%; merged
4	[[29889, 29818]]	-1	CC	29817	29889	tRNA	trnR-UCU	GCGTCCATTGTCTAATGGATAGGACAGAGGTCTTCTAAACCTTTGGTATAGGTTCAAATCCTATTGGACGCA	72	blatN	blatN_hit trnR-UCU_NC_051973.1, position 1 - 72, psl score 100.0, coverage 100.00%, match 100.00%; blatN_hit trnR_NC_051926.1, position 1 - 72, psl score 100.0, coverage 100.00%, match 100.00%; merged
5	[[35029, 34947]]	-1	CC	34946	35029	tRNA	trnS-UGA	GGAGAGATGGCTGAGTGGTTGAAAGCCCCGGTCTTGAAAACCGGTATAGTTTACTATCGAGGGTTCGAATCCCTCTCTCTCCT	83	blatN	blatN_hit trnS-UGA_NC_051973.1, position 1 - 83, psl score 100.0, coverage 100.00%, match 100.00%; blatN_hit trnS_NC_051926.1, position 1 - 83, psl score 100.0, coverage 100.00%, match 100.00%; merged
6	[[44778, 44864]]	1	CC	44777	44864	tRNA	trnS-GGA	GGAGAGATGGCCGAGTGGTTGAAGGCGTAGCATTGGAACTGCTATGTAGGCTTTTGCTTACCGAGGGTTCGAATCCCTCTCTTTCCG	87	blatN	blatN_hit trnS-GGA_NC_051973.1, position 1 - 87, psl score 100.0, coverage 100.00%, match 100.00%; blatN_hit trnS_NC_051926.1, position 1 - 87, psl score 100.0, coverage 100.00%, match 100.00%; merged
7	[[110967, 111046]]	1	CC	110966	111046	tRNA	trnL-UAG	GCCGCTATGGTGAAATCGGTAGACACGCTGCTCTTAGGAAGCAGTGCTAGAGCATCTCGGTTCGAGTCCGAGTGGCGGCA	80	blatN	blatN_hit trnL-UAG_NC_051973.1, position 1 - 80, psl score 100.0, coverage 100.00%, match 100.00%; blatN_hit trnL_NC_051926.1, position 1 - 80, psl score 100.0, coverage 100.00%, match 100.00%; merged
8	[[132067, 132025], [131268, 131234]]	-1	CC	131233	132067	tRNA	trnI-GAU	GGGCTATTAGCTCAGTGGGTAGAGCGCGCCCCTGATAATTGCGGGGCGAGGTCTCTGGTTCAAGTCCAGGATGGCCCA	78	blatN	blatN_hit trnE_NC_051926.1, position 1 - 73, psl score 71.3, coverage 100.00%, match 100.00%; blatN_hit trnI-GAU_NC_044795.1, position 1 - 78, psl score 73.1, coverage 100.00%, match 100.00%; blatN_hit trnI_NC_031815.1, position 1 - 78, psl score 73.1, coverage 100.00%, match 100.00%; merged
9	[[4360, 4323], [1796, 1761]]	-1	CP	1760	4360	tRNA	trnK-UUU	TGGGTTGCTAACTCAACGGTAGAGTACTCGGCTTTTAACCGACTAGTTCCGGGTTCGAATCCCGGGCAACCCAT	74	ARAGORN, blatN; merged	annotated by ARAGORN v1.2.38, score: 103.3; blatN_hit trnK_NC_051919.1, position 1 - 74, psl score 66.3, coverage 100.00%, match 100.00%; merged
10	[[8577, 8490]]	-1	CP	8489	8577	tRNA	trnS-GCU	GGAGAGATGGCTGAGTGGACGAAAGCGGCGGATTGCTAATCCGTTGTACGAGTTATTCGTACCGAGGGTTCGAATCCCTCTCTTTCCG	88	ARAGORN, Chloe, blatN; merged	annotated by Chloe v0.1.0; annotated by ARAGORN v1.2.38, score: 123.2; blatN_hit trnS-GCU_NC_046516.1, position 1 - 88, psl score 100.0, coverage 100.00%, match 100.00%; blatN_hit trnS_NC_051926.1, position 1 - 88, psl score 100.0, coverage 100.00%, match 100.00%; merged
11	[[9349, 9420]]	1	CP	9348	9420	tRNA	trnC-GCA	GGCGGCATGGCCGAGTGGTAAGGCGGGGGACTGCAAATCCTTTTTCCCCAGTTCAAATCCGGGTGCCGCCTC	72	ARAGORN, blatN; merged	annotated by ARAGORN v1.2.38, score: 116.0; blatN_hit trnC_NC_051926.1, position 1 - 72, psl score 100.0, coverage 100.00%, match 100.00%; merged
12	[[29925, 29854]]	-1	CP	29853	29925	tRNA	trnR-UCU	GCGTCCATTGTCTAATGGATAGGACAGAGGTCTTCTAAACCTTTGGTATAGGTTCAAATCCTATTGGACGCA	72	ARAGORN, Chloe, blatN; merged	annotated by Chloe v0.1.0; annotated by ARAGORN v1.2.38, score: 117.5; blatN_hit trnR-UCU_NC_051973.1, position 1 - 72, psl score 100.0, coverage 100.00%, match 100.00%; blatN_hit trnR_NC_051926.1, position 1 - 72, psl score 100.0, coverage 100.00%, match 100.00%; merged
13	[[30911, 30881], [30189, 30130]]	-1	CP	30129	30911	tRNA	trnS-CGA	GCGGGTATAGTTTAGTGGTAAAAGTGTGATTTCGACTATAACCCCTAGCCTTCCAAGCTAACGATGCGGGTTCGATTCCCGCTACCCGCTC	91	ARAGORN, blatN; merged	annotated by ARAGORN v1.2.38, score: 101.8; blatN_hit trnG_NC_051924.1, position 1 - 91, psl score 77.0, coverage 100.00%, match 100.00%; blatN_hit trnS-SER_NC_051925.1, position 1 - 91, psl score 77.0, coverage 100.00%, match 100.00%; blatN_hit trnS_NC_051926.1, position 1 - 91, psl score 77.0, coverage 100.00%, match 100.00%; merged
14	[[31047, 31118]]	1	CP	31046	31118	tRNA	trnT-GGU	TTTCTTTTAACTCAGTGGTAGAGTAATCTCATGGTAAGGCGTAAGCCCTCGGTTCAAATCCGATAAGGGACT	72	Chloe, blatN; merged	annotated by Chloe v0.1.0; blatN_hit trnT-fragment_NC_007578.1, position 1 - 72, psl score 95.9, coverage 100.00%, match 95.83%, fragment match 95.83%; blatN_hit trnT-GGU_NC_043842.1, position 1 - 72, psl score 97.3, coverage 100.00%, match 97.22%; merged
15	[[35065, 34983]]	-1	CP	34982	35065	tRNA	trnS-UGA	GGAGAGATGGCTGAGTGGTTGAAAGCCCCGGTCTTGAAAACCGGTATAGTTTACTATCGAGGGTTCGAATCCCTCTCTCTCCT	83	ARAGORN, Chloe, blatN; merged	annotated by Chloe v0.1.0; annotated by ARAGORN v1.2.38, score: 121.0; blatN_hit trnS-UGA_NC_051973.1, position 1 - 83, psl score 100.0, coverage 100.00%, match 100.00%; blatN_hit trnS_NC_051926.1, position 1 - 83, psl score 100.0, coverage 100.00%, match 100.00%; merged
16	[[35891, 35962]]	1	CP	35890	35962	tRNA	trnG-GCC	GCGGATATAGTCGAATGGTAAAATTTCTCTTTGCCAAGGAGAAGACGCGGGTTCGATTCCCGCTATCCGCCC	72	ARAGORN, blatN; merged	annotated by ARAGORN v1.2.38, score: 114.5; blatN_hit trnG_NC_051926.1, position 1 - 72, psl score 100.0, coverage 100.00%, match 100.00%; merged
17	[[36221, 36148]]	-1	CP	36147	36221	tRNA	trnM-CAU	CGCGGGGTAGAGCAGTTTGGTAGCTCGCAAGGCTCATAACCTTGAGGTCACGGGTTCAAATCCTGTCTCCGCAA	74	ARAGORN, Chloe, blatN; merged	annotated by Chloe v0.1.0; annotated by ARAGORN v1.2.38, score: 118.1; blatN_hit trnM-CAU_NC_043842.1, position 1 - 74, psl score 100.0, coverage 100.00%, match 100.00%; blatN_hit trnM_NC_051926.1, position 1 - 74, psl score 100.0, coverage 100.00%, match 100.00%; blatN_hit trnfM-CAU_NC_051973.1, position 1 - 74, psl score 100.0, coverage 100.00%, match 100.00%; merged
18	[[44813, 44899]]	1	CP	44812	44899	tRNA	trnS-GGA	GGAGAGATGGCCGAGTGGTTGAAGGCGTAGCATTGGAACTGCTATGTAGGCTTTTGCTTACCGAGGGTTCGAATCCCTCTCTTTCCG	87	ARAGORN, Chloe, blatN; merged	annotated by Chloe v0.1.0; annotated by ARAGORN v1.2.38, score: 121.8; blatN_hit trnS-GGA_NC_051973.1, position 1 - 87, psl score 100.0, coverage 100.00%, match 100.00%; blatN_hit trnS_NC_051926.1, position 1 - 87, psl score 100.0, coverage 100.00%, match 100.00%; merged
19	[[46805, 46839], [47280, 47329]]	1	CP	46804	47329	tRNA	trnL-UAA	GGGGATATGGCGAAATCGGTAGACGCTACGGACTTAAAATCCGTCGATTTCAAAAATCGTGAGGGTTCAAGTCCCTCTATCCCCA	85	ARAGORN, Chloe, blatN; merged	annotated by Chloe v0.1.0; annotated by ARAGORN v1.2.38, score: 111.8; blatN_hit trnL_NC_051926.1, position 1 - 85, psl score 77.7, coverage 100.00%, match 100.00%; blatN_hit trnL-UAA_NC_044795.1, position 1 - 87, psl score 78.2, coverage 100.00%, match 100.00%; merged
20	[[47645, 47718]]	1	CP	47644	47718	tRNA	trnF-GAA	GTTGGGATAGCTCAGTTGGTAGAGCAGAGGACTGAAAATCCTCGTGTCACCAGTTCAAATCTGGTTCCTGACAC	74	ARAGORN, blatN; merged	annotated by ARAGORN v1.2.38, score: 115.8; blatN_hit trnF_NC_051926.1, position 1 - 74, psl score 100.0, coverage 100.00%, match 100.00%; merged
21	[[51949, 52021]]	1	CP	51948	52021	tRNA	trnM-CAU	ACCTACTTAACTCAGCGGTTAGAGTATTGCTTTCATACGGCGGGAGTCATTGGTTCAAATCCAATAGTAGGTA	73	ARAGORN, Chloe, blatN; merged	annotated by Chloe v0.1.0; annotated by ARAGORN v1.2.38, score: 111.7; blatN_hit trnM-CAU_NC_051973.1, position 1 - 73, psl score 100.0, coverage 100.00%, match 100.00%; blatN_hit trnM_NC_051926.1, position 1 - 73, psl score 100.0, coverage 100.00%, match 100.00%; merged
22	[[64241, 64168]]	-1	CP	64167	64241	tRNA	trnW-CCA	GCGCTCTTAGTTCAGTTCGGTAGAACGTGGGTCTCCAAAACCCGATGTCGTAGGTTCAAATCCTACAGAGCGTG	74	ARAGORN, Chloe, blatN; merged	annotated by Chloe v0.1.0; annotated by ARAGORN v1.2.38, score: 117.0; blatN_hit trnW-CCA_NC_051973.1, position 1 - 74, psl score 100.0, coverage 100.00%, match 100.00%; blatN_hit trnW_NC_051926.1, position 1 - 74, psl score 100.0, coverage 100.00%, match 100.00%; merged
23	[[64480, 64405]]	-1	CP	64404	64480	tRNA	trnP-UGG	AGGGATGTAGCGCAGCTTGGTAGCGCGTTTGTTTTGGGTACAAAATGTCACAGGTTCGAATCCTGTCATCCCTACC	76	ARAGORN, blatN; merged	annotated by ARAGORN v1.2.38, score: 119.9; blatN_hit trnP_NC_051926.1, position 1 - 76, psl score 97.4, coverage 100.00%, match 97.37%; merged
24	[[91425, 91343]]	-1	CP	91342	91425	tRNA	trnL-CAA	TGCCTTGGTGGTGAAATGGTAGACACGCGAGACTCAAAATCTCGTGCTAAATAGCGTGGAGGTTCGAGTCCTCTTCAAGGCAT	83	ARAGORN, blatN; merged	annotated by ARAGORN v1.2.38, score: 118.8; blatN_hit trnL-fragment_NC_051926.1, position 1 - 83, psl score 98.8, coverage 100.00%, match 98.80%, fragment match 98.80%; merged
25	[[97658, 97729]]	1	CP	97657	97729	tRNA	trnV-GAC	AGGGATATAACTCAGCGGTAGAGTGTCACCTTGACGTGGTGGAAGTCATCAGTTCGAGCCTGATTATCCCTA	72	ARAGORN, Chloe, blatN; merged	annotated by Chloe v0.1.0; annotated by ARAGORN v1.2.38, score: 113.4; blatN_hit trnV-GAC_NC_051973.1, position 1 - 72, psl score 100.0, coverage 100.00%, match 100.00%; blatN_hit trnV_NC_051926.1, position 1 - 72, psl score 100.0, coverage 100.00%, match 100.00%; merged
26	[[99742, 99774], [100538, 100577]]	1	CP	99741	100577	tRNA	trnE-UUC	GGGCTATTAGCTCAGTGGGTAGAGCGCGCCCCTTTCACGGGCGAGGTCTCTGGTTCAAGTCCAGGATGGCCCA	73	ARAGORN, blatN; merged	annotated by Chloe v0.1.0; annotated by ARAGORN v1.2.38, score: 112.9; blatN_hit trnE_NC_051926.1, position 1 - 73, psl score 71.3, coverage 100.00%, match 100.00%; blatN_hit trnI-GAU_NC_044795.1, position 1 - 78, psl score 73.1, coverage 100.00%, match 100.00%; blatN_hit trnI_NC_031815.1, position 1 - 78, psl score 73.1, coverage 100.00%, match 100.00%; merged
27	[[100642, 100678], [101499, 101534]]	1	CP	100641	101534	tRNA	trnA-UGC	GGGGATATAGCTCAGTTGGTAGAGCTCCGCTCTTGCACGGCGGATGTCAGCGGTTCGAGTCCGCTTATCTCCA	73	ARAGORN, blatN; merged	annotated by Chloe v0.1.0; annotated by ARAGORN v1.2.38, score: 111.0; blatN_hit trnA-UGC_NC_051973.1, position 1 - 73, psl score 71.3, coverage 100.00%, match 100.00%; blatN_hit trnA_NC_051926.1, position 1 - 73, psl score 71.3, coverage 100.00%, match 100.00%; merged
28	[[105317, 105391]]	1	CP	105316	105391	tRNA	trnR-ACG	GGGCCTGTAGCTCAGAGGATTAGAGCACGTGGCTACGAACCACGGTGTCGGGGGTTCGAATCCCTCCTCGCCCAC	75	ARAGORN, blatN; merged	annotated by ARAGORN v1.2.38, score: 115.9; blatN_hit trnR_NC_051926.1, position 1 - 75, psl score 100.0, coverage 100.00%, match 100.00%; merged
29	[[110984, 111063]]	1	CP	110983	111063	tRNA	trnL-UAG	GCCGCTATGGTGAAATCGGTAGACACGCTGCTCTTAGGAAGCAGTGCTAGAGCATCTCGGTTCGAGTCCGAGTGGCGGCA	80	ARAGORN, Chloe, blatN; merged	annotated by Chloe v0.1.0; annotated by ARAGORN v1.2.38, score: 120.6; blatN_hit trnL-UAG_NC_051973.1, position 1 - 80, psl score 100.0, coverage 100.00%, match 100.00%; blatN_hit trnL_NC_051926.1, position 1 - 80, psl score 100.0, coverage 100.00%, match 100.00%; merged
30	[[131199, 131163], [130342, 130307]]	-1	CP	130306	131199	tRNA	trnA-UGC	GGGGATATAGCTCAGTTGGTAGAGCTCCGCTCTTGCACGGCGGATGTCAGCGGTTCGAGTCCGCTTATCTCCA	73	ARAGORN, blatN; merged	annotated by Chloe v0.1.0; annotated by ARAGORN v1.2.38, score: 111.0; blatN_hit trnA-UGC_NC_051973.1, position 1 - 73, psl score 71.3, coverage 100.00%, match 100.00%; blatN_hit trnA_NC_051926.1, position 1 - 73, psl score 71.3, coverage 100.00%, match 100.00%; merged
31	[[132099, 132067], [131303, 131264]]	-1	CP	131263	132099	tRNA	trnE-UUC	GGGCTATTAGCTCAGTGGGTAGAGCGCGCCCCTTTCACGGGCGAGGTCTCTGGTTCAAGTCCAGGATGGCCCA	73	ARAGORN, blatN; merged	annotated by Chloe v0.1.0; annotated by ARAGORN v1.2.38, score: 112.9; blatN_hit trnE_NC_051926.1, position 1 - 73, psl score 71.3, coverage 100.00%, match 100.00%; blatN_hit trnI-GAU_NC_044795.1, position 1 - 78, psl score 73.1, coverage 100.00%, match 100.00%; blatN_hit trnI_NC_031815.1, position 1 - 78, psl score 73.1, coverage 100.00%, match 100.00%; merged
32	[[140416, 140498]]	1	CP	140415	140498	tRNA	trnL-CAA	TGCCTTGGTGGTGAAATGGTAGACACGCGAGACTCAAAATCTCGTGCTAAATAGCGTGGAGGTTCGAGTCCTCTTCAAGGCAT	83	ARAGORN, blatN; merged	annotated by ARAGORN v1.2.38, score: 118.8; blatN_hit trnL-fragment_NC_051926.1, position 1 - 83, psl score 98.8, coverage 100.00%, match 98.80%, fragment match 98.80%; merged
33	[[147866, 147940]]	1	CP	147865	147940	tRNA	trnM-CAU	GCATCCATGGCTGAATGGTTAAAGCACCCAACTCATAATTGGCGAATTCGTAGGTTCAATTCCTACTGGATGCAC	75	ARAGORN, blatN; merged	annotated by ARAGORN v1.2.38, score: 108.8; blatN_hit trnM_NC_051926.1, position 1 - 75, psl score 100.0, coverage 100.00%, match 100.00%; merged
